1,1,"Hiking Test Event","Hiking Test Event",,,,,,,"2023-03-03 08:00:00","2023-03-03 08:00:00","2023-03-03 09:00:00","2023-03-03 09:00:00","2023-03-30 18:12:42","2023-03-30 18:12:42",,
2,2,"major event","major event",,,,,,,"2023-04-04 09:00:00","2023-04-04 09:00:00","2023-04-04 12:00:00","2023-04-04 12:00:00","2023-04-01 12:45:23","2023-04-01 12:45:23",,
3,3,"hiking at the mountain","hiking at the mountain",,,,,"123 mountain blvd. place, al 39547","123 mountain blvd. place, al 39547","2023-04-13 07:00:00","2023-04-13 07:00:00","2023-04-13 17:00:00","2023-04-13 17:00:00","2023-04-01 12:51:22","2023-04-01 12:51:22",,
4,4,"Hiking with mickey mouse","Hiking with mickey mouse",,,,,"AlmostDisneyLand trail","AlmostDisneyLand trail","2023-04-01 07:00:00","2023-04-01 07:00:00","2023-04-01 16:00:00","2023-04-01 16:00:00","2023-04-01 12:53:20","2023-04-01 12:53:20",,
5,5,"Hiking with Bono","Hiking with Bono",,,,,"AlmostDisneyLand trail","AlmostDisneyLand trail","2023-04-08 07:00:00","2023-04-08 07:00:00","2023-04-08 16:00:00","2023-04-08 16:00:00","2023-04-01 12:59:37","2023-04-01 12:59:37",,
6,6,"Walking with the trees","Walking with the trees",,,,,"Find a tree. Stand there. Done","Find a tree. Stand there. Done","2023-04-24 07:00:00","2023-04-24 07:00:00","2023-04-24 07:00:00","2023-04-24 07:00:00","2023-04-01 20:52:26","2023-04-01 20:52:26",,
7,7,"The walking of the people","The walking of the people",,,,,"At that one place.... you know... where we did the last thing.","At that one place.... you know... where we did the last thing.","2023-04-19 09:00:00","2023-04-19 09:00:00","2023-04-19 13:00:00","2023-04-19 13:00:00","2023-04-01 21:14:53","2023-04-01 21:14:53",,
8,8,"Sunday walk in the park","Sunday walk in the park",,,,,"next to the wild horses ranch","next to the wild horses ranch","2023-04-09 10:00:00","2023-04-09 10:00:00","2023-04-09 11:00:00","2023-04-09 11:00:00","2023-04-01 21:44:46","2023-04-01 21:44:46",,
9,9,"Running with dogs","Running with dogs",,,www.oscar-the-dog.com,www.oscar-the-dog.com,"Look for the hotdog stand","Look for the hotdog stand","2023-04-22 07:00:00","2023-04-22 07:00:00","2023-04-22 07:00:00","2023-04-22 07:00:00","2023-04-01 21:54:05","2023-04-01 21:54:05",,
10,10,"test title for an exteremely long title to test the result of people who use this as their personal blogging machine even though it is not a textbox you can still fit quite a lot in here.","test title for an exteremely long title to test the result of people who use this as their personal blogging machine even though it is not a textbox you can still fit quite a lot in here.",,,www.blogtownsvilleusa.com,www.blogtownsvilleusa.com,"the location","the location","2023-04-25 23:00:00","2023-04-25 23:00:00","2023-04-25 00:00:00","2023-04-25 00:00:00","2023-04-01 22:43:37","2023-04-01 22:43:37",,
11,11,"trail walking","trail walking",,,,,,,"2023-04-07 17:00:00","2023-04-07 17:00:00","2023-04-07 18:00:00","2023-04-07 18:00:00","2023-04-06 15:59:27","2023-04-06 15:59:27",,
12,12,"trail walking","trail walking",,,,,,,"2023-04-05 17:00:00","2023-04-05 17:00:00","2023-04-05 18:00:00","2023-04-05 18:00:00","2023-04-06 16:05:31","2023-04-06 16:05:31",,
13,13,test,test,,,,,,,"2023-03-31 07:00:00","2023-03-31 07:00:00","2023-03-31 07:00:00","2023-03-31 07:00:00","2023-04-17 22:36:36","2023-04-17 22:36:36",,
